                  epoch,         train/box_loss,         train/cls_loss,         train/dfl_loss,   metrics/precision(B),      metrics/recall(B),       metrics/mAP50(B),    metrics/mAP50-95(B),           val/box_loss,           val/cls_loss,           val/dfl_loss,                 lr/pg0,                 lr/pg1,                 lr/pg2
                      1,                 2.1559,                 4.4309,                 1.7008,                0.21249,                  0.161,                0.08105,                0.03686,                 1.9874,                 3.6515,                  1.485,                  6e-05,                  6e-05,                  6e-05
                      2,                 2.0003,                 3.5801,                 1.5907,                0.50011,                0.37569,                0.34674,                0.14914,                 1.8474,                 2.9811,                 1.4062,             0.00013986,             0.00013986,             0.00013986
                      3,                  1.844,                 2.3799,                 1.3987,                0.48435,                0.46706,                0.38371,                0.16948,                 1.8759,                 2.7453,                 1.4354,             0.00021957,             0.00021957,             0.00021957
                      4,                 1.7666,                 2.2533,                 1.3685,                0.34566,                0.32105,                0.23477,                0.10293,                 1.9299,                 2.5319,                 1.4488,             0.00029912,             0.00029912,             0.00029912
                      5,                 1.6541,                 1.9163,                 1.3341,                 0.4046,                0.26519,                0.19165,                0.08672,                 2.0214,                 2.6883,                 1.5243,             0.00037852,             0.00037852,             0.00037852
                      6,                 1.8057,                 1.6801,                 1.4079,                0.38188,                0.27624,                0.22104,                0.09283,                 2.0839,                 2.8912,                 1.6156,             0.00045775,             0.00045775,             0.00045775
                      7,                 1.6845,                 1.7798,                 1.4288,                0.19032,                0.37017,                0.11111,                 0.0469,                 2.1036,                 4.4901,                 1.6469,             0.00053684,             0.00053684,             0.00053684
                      8,                 1.7292,                 1.5882,                 1.3955,                0.27716,                0.24786,                0.13359,                0.04484,                 2.0391,                 3.7395,                  1.547,             0.00061576,             0.00061576,             0.00061576
                      9,                  1.696,                 1.4694,                 1.3033,                0.30847,                 0.2366,                0.19062,                0.08163,                 2.0948,                 2.6803,                 1.6925,             0.00069453,             0.00069453,             0.00069453
                     10,                 1.7783,                 1.5596,                 1.4092,                0.08507,                0.12155,                0.04769,                0.02262,                  2.224,                 3.8402,                 1.7965,             0.00077315,             0.00077315,             0.00077315
                     11,                 1.7142,                  1.555,                 1.3132,                0.39441,                0.34184,                0.24032,                0.07359,                 2.3534,                 2.9619,                 1.8695,              0.0008516,              0.0008516,              0.0008516
                     12,                 1.6998,                 1.5121,                 1.3643,                0.16272,                0.13812,                0.05386,                0.02081,                 2.4055,                 4.0866,                 2.0704,              0.0009299,              0.0009299,              0.0009299
                     13,                 1.7255,                 1.4196,                 1.3677,                0.27847,                0.12707,                0.08196,                0.03618,                 2.4173,                 6.2935,                 1.9305,               0.001008,               0.001008,               0.001008
                     14,                 1.7309,                 1.4111,                 1.4046,                0.36998,                0.19468,                0.15431,                0.05059,                 2.3204,                 5.8439,                 1.7797,               0.001086,               0.001086,               0.001086
                     15,                 1.6802,                 1.4112,                 1.4036,                0.09598,                 0.1768,                0.04769,                  0.015,                 2.4905,                  7.725,                 1.9849,              0.0011639,              0.0011639,              0.0011639
                     16,                 1.5827,                 1.2058,                  1.265,                0.20243,                 0.1768,                0.10255,                0.03817,                 2.5743,                 3.3812,                 1.9574,              0.0012415,              0.0012415,              0.0012415
                     17,                  1.528,                 1.2173,                 1.2939,                0.36644,                 0.1989,                0.15469,                0.05057,                 2.4541,                 3.1607,                  1.897,              0.0013191,              0.0013191,              0.0013191
                     18,                 1.6324,                 1.2474,                 1.3239,                0.12513,                0.20442,                0.06652,                0.02604,                 2.5336,                 3.6415,                 1.9097,              0.0013964,              0.0013964,              0.0013964
                     19,                  1.551,                 1.2164,                   1.33,                0.03254,                0.06077,                0.01125,                0.00488,                 2.6243,                 5.9031,                 1.9917,              0.0014736,              0.0014736,              0.0014736
                     20,                 1.5637,                 1.2116,                 1.3206,                0.09275,                 0.0884,                0.02712,                0.00959,                 2.7153,                 4.0043,                 2.0399,              0.0015507,              0.0015507,              0.0015507
                     21,                 1.6208,                 1.2106,                 1.3244,                0.60498,                0.35912,                0.33857,                0.11168,                 2.3925,                 3.1274,                 1.9174,              0.0016276,              0.0016276,              0.0016276
                     22,                 1.5663,                 1.2645,                 1.4102,                0.35387,                0.24309,                0.18215,                0.06709,                 2.3721,                 3.0057,                 1.8308,              0.0017043,              0.0017043,              0.0017043
                     23,                 1.6428,                 1.2186,                 1.3639,                0.43763,                0.11602,                0.11599,                0.03204,                 2.5061,                 3.5375,                 1.8463,              0.0017809,              0.0017809,              0.0017809
                     24,                 1.6526,                 1.2174,                 1.3245,                 0.0216,                 0.1326,                0.01287,                0.00457,                 2.5459,                 10.728,                 1.9897,              0.0018573,              0.0018573,              0.0018573
                     25,                 1.6491,                 1.2345,                 1.3144,                 0.0087,                0.18232,                0.00515,                0.00249,                 2.5195,                 80.952,                  2.131,              0.0019336,              0.0019336,              0.0019336
                     26,                 1.6243,                 1.2803,                 1.3288,                0.41354,                0.08287,                0.10982,                0.05618,                  2.727,                 4.3627,                  2.274,              0.0019512,              0.0019512,              0.0019512
                     27,                 1.5887,                 1.2635,                 1.2502,                0.28827,                0.19337,                0.14565,                 0.0515,                 2.8293,                  3.434,                  2.082,              0.0019492,              0.0019492,              0.0019492
                     28,                 1.5994,                 1.2326,                 1.2971,                0.51711,                0.31492,                0.29273,                0.10302,                  2.556,                 2.4946,                 1.8368,              0.0019473,              0.0019473,              0.0019473
                     29,                 1.6266,                 1.2002,                 1.3079,                0.49694,                0.37017,                0.30671,                0.09468,                 2.5606,                   2.16,                 1.7709,              0.0019453,              0.0019453,              0.0019453
                     30,                 1.5984,                 1.1667,                 1.3462,                0.18196,                0.17127,                 0.0763,                0.02337,                  2.708,                 3.3972,                 2.1981,              0.0019434,              0.0019434,              0.0019434
                     31,                 1.7023,                 1.2013,                 1.3259,                0.12621,                0.17127,                0.06214,                0.02051,                 2.6726,                 3.5164,                 2.1144,              0.0019414,              0.0019414,              0.0019414
                     32,                 1.6649,                 1.2653,                 1.3254,                0.41157,                0.19337,                0.19232,                0.07684,                  2.468,                 2.9134,                 1.7861,              0.0019395,              0.0019395,              0.0019395
                     33,                 1.6254,                 1.1921,                 1.3048,                0.28568,                0.28729,                0.18745,                0.07696,                 2.4771,                 3.0975,                 1.8002,              0.0019375,              0.0019375,              0.0019375
                     34,                 1.5897,                 1.1766,                 1.2694,                0.20974,                0.29834,                0.13925,                0.04921,                 2.4551,                 3.6113,                 1.7601,              0.0019356,              0.0019356,              0.0019356
                     35,                 1.5275,                 1.1609,                 1.2695,                0.43223,                0.29022,                0.26347,                0.07536,                 2.4855,                 2.9937,                 1.8659,              0.0019336,              0.0019336,              0.0019336
                     36,                 1.5792,                 1.0822,                 1.2542,                0.45676,                0.34807,                0.30373,                0.09764,                 2.4977,                 2.8779,                 2.0134,              0.0019316,              0.0019316,              0.0019316
                     37,                 1.5728,                 1.1085,                 1.2675,                 0.3316,                0.30387,                0.22573,                0.06016,                 2.5113,                 3.3481,                 1.9101,              0.0019297,              0.0019297,              0.0019297
                     38,                 1.5218,                 1.0534,                 1.2404,                0.37374,                0.38907,                0.26242,                0.08029,                 2.4596,                 2.6859,                 1.8498,              0.0019277,              0.0019277,              0.0019277
                     39,                 1.5889,                 1.0559,                  1.248,                0.42883,                0.38674,                0.28921,                0.09574,                 2.4739,                 2.5285,                 1.9239,              0.0019258,              0.0019258,              0.0019258
                     40,                 1.5481,                 1.0174,                 1.2198,                0.31506,                0.37358,                0.21632,                0.07215,                 2.4558,                 2.7082,                 1.8342,              0.0019238,              0.0019238,              0.0019238
                     41,                 1.4766,                 1.1044,                  1.276,                 0.4556,                0.34254,                0.27997,                 0.0884,                 2.5406,                 2.4281,                 1.9234,              0.0019219,              0.0019219,              0.0019219
                     42,                 1.5065,                 1.0781,                 1.2531,                0.41869,                0.34621,                0.24612,                0.07193,                 2.5214,                 2.7933,                  2.027,              0.0019199,              0.0019199,              0.0019199
                     43,                 1.5005,                 1.0525,                 1.2416,                0.45453,                0.32044,                0.25653,                0.07742,                 2.5737,                 2.4471,                 1.9767,               0.001918,               0.001918,               0.001918
                     44,                 1.5562,                0.99076,                 1.2427,                0.32112,                0.34807,                 0.2388,                0.08239,                 2.4251,                 2.2308,                 2.0596,               0.001916,               0.001916,               0.001916
                     45,                 1.5129,                 0.9664,                 1.2987,                0.33654,                0.20442,                0.19068,                0.07729,                 2.3335,                 2.4931,                  1.813,              0.0019141,              0.0019141,              0.0019141
                     46,                 1.4893,                 1.0353,                 1.2769,                0.30267,                0.27624,                0.17003,                0.07023,                 2.3443,                 2.9293,                 1.7902,              0.0019121,              0.0019121,              0.0019121
                     47,                 1.4189,                 0.9235,                 1.2183,                0.41176,                0.24862,                0.22966,                0.10188,                 2.1858,                 2.6183,                 1.6582,              0.0019102,              0.0019102,              0.0019102
                     48,                  1.521,                0.98311,                 1.2663,                0.43394,                0.22024,                0.19837,                0.09098,                 2.1283,                 2.6399,                 1.6397,              0.0019082,              0.0019082,              0.0019082
                     49,                 1.4069,                0.95303,                 1.1685,                0.31257,                0.28177,                0.22325,                0.09727,                 2.1871,                 2.5257,                  1.689,              0.0019063,              0.0019063,              0.0019063
                     50,                 1.4673,                 1.0083,                 1.2228,                  0.381,                0.25414,                 0.2441,                0.11603,                 2.2855,                 2.3202,                 1.8075,              0.0019043,              0.0019043,              0.0019043
                     51,                 1.4199,                0.92803,                 1.1603,                0.35955,                0.29282,                0.25978,                 0.1066,                 2.3969,                  2.291,                 1.8424,              0.0019024,              0.0019024,              0.0019024
                     52,                 1.5711,                 1.1011,                  1.309,                0.45535,                0.27715,                0.29378,                0.12712,                 2.3579,                 2.3942,                 1.8812,              0.0019004,              0.0019004,              0.0019004
                     53,                  1.481,                0.94793,                 1.2075,                0.51685,                0.36464,                0.38497,                0.14695,                 2.3361,                  2.112,                 1.8705,              0.0018984,              0.0018984,              0.0018984
                     54,                 1.5242,                 1.0403,                 1.2567,                0.45892,                0.38674,                0.36141,                0.13859,                 2.1842,                 1.9722,                 1.6779,              0.0018965,              0.0018965,              0.0018965
                     55,                 1.4762,                0.98403,                 1.2503,                0.37679,                0.40884,                0.30771,                0.12932,                 2.2341,                 2.2109,                 1.6678,              0.0018945,              0.0018945,              0.0018945
                     56,                 1.4476,                 1.0041,                 1.2226,                0.50323,                0.37498,                0.37187,                0.16016,                 2.1494,                 1.9996,                  1.641,              0.0018926,              0.0018926,              0.0018926
                     57,                 1.3677,                0.96085,                 1.1983,                 0.4989,                0.49171,                0.44796,                0.18168,                 2.0869,                 1.8049,                 1.6053,              0.0018906,              0.0018906,              0.0018906
                     58,                 1.3677,                0.92341,                 1.1739,                0.53174,                 0.3388,                0.36226,                0.14609,                 2.1262,                  2.213,                 1.6442,              0.0018887,              0.0018887,              0.0018887
                     59,                 1.3637,                0.89703,                 1.1448,                0.63714,                0.35359,                 0.3896,                0.16635,                 2.2142,                 2.1276,                 1.7282,              0.0018867,              0.0018867,              0.0018867
                     60,                 1.4182,                0.91556,                 1.1884,                0.56508,                0.47378,                 0.4724,                0.18272,                 2.2276,                 2.0346,                 1.6372,              0.0018848,              0.0018848,              0.0018848
                     61,                 1.3544,                0.91678,                 1.1665,                0.52794,                0.43646,                0.42029,                0.16823,                 2.2341,                 2.1538,                  1.663,              0.0018828,              0.0018828,              0.0018828
                     62,                  1.382,                0.96798,                 1.1975,                0.46265,                0.38122,                0.33436,                0.13728,                 2.2239,                 2.2068,                 1.6281,              0.0018809,              0.0018809,              0.0018809
                     63,                 1.3669,                0.95057,                 1.1878,                0.44814,                0.34546,                 0.3533,                0.15797,                 2.2117,                 2.0137,                 1.6229,              0.0018789,              0.0018789,              0.0018789
                     64,                 1.3997,                0.91119,                 1.2126,                0.40583,                0.36464,                0.30272,                0.12388,                 2.3003,                 2.0461,                 1.7486,               0.001877,               0.001877,               0.001877
                     65,                  1.415,                0.92051,                 1.2214,                0.37775,                0.25414,                0.23259,                0.10019,                 2.3447,                 2.1976,                 1.8936,               0.001875,               0.001875,               0.001875
                     66,                 1.2897,                 0.8846,                 1.1984,                0.53102,                0.24862,                0.25297,                0.11825,                 2.3423,                 2.1159,                 1.8633,              0.0018731,              0.0018731,              0.0018731
                     67,                 1.4128,                 0.8344,                   1.15,                0.50824,                0.38122,                0.31655,                0.14458,                 2.2106,                 1.9478,                 1.6995,              0.0018711,              0.0018711,              0.0018711
                     68,                 1.2781,                0.80231,                 1.1563,                0.47372,                0.29834,                0.29902,                0.14524,                 2.1553,                 2.0201,                 1.6632,              0.0018692,              0.0018692,              0.0018692
                     69,                 1.3513,                0.76818,                 1.1473,                 0.3717,                0.39779,                0.28766,                0.11188,                  2.324,                 1.9572,                 1.7809,              0.0018672,              0.0018672,              0.0018672
                     70,                  1.354,                0.79921,                 1.1961,                0.45878,                0.38873,                0.36752,                0.14464,                 2.2516,                 1.8879,                 1.7577,              0.0018652,              0.0018652,              0.0018652
                     71,                 1.3612,                0.83579,                 1.1669,                0.51833,                0.42541,                0.38665,                0.14971,                 2.2568,                 1.8862,                 1.7333,              0.0018633,              0.0018633,              0.0018633
                     72,                 1.3071,                0.79122,                 1.1516,                0.45153,                0.31492,                0.27992,                0.12269,                 2.3057,                 2.1541,                 1.7914,              0.0018613,              0.0018613,              0.0018613
                     73,                 1.2992,                0.80722,                 1.1252,                0.43537,                0.41989,                0.36025,                0.15317,                 2.2768,                 2.0935,                 1.7666,              0.0018594,              0.0018594,              0.0018594
                     74,                 1.3482,                0.86286,                 1.1459,                 0.4183,                0.42541,                0.35602,                0.14289,                  2.337,                 2.1998,                 1.8148,              0.0018574,              0.0018574,              0.0018574
                     75,                 1.3256,                0.84879,                 1.1631,                0.60732,                0.47514,                0.46292,                0.18465,                 2.2385,                 1.7632,                 1.6523,              0.0018555,              0.0018555,              0.0018555
                     76,                 1.2846,                0.82822,                 1.1319,                0.59166,                0.44199,                0.42163,                 0.1674,                 2.2328,                 1.9028,                 1.6682,              0.0018535,              0.0018535,              0.0018535
                     77,                 1.2652,                0.81123,                 1.1415,                0.57646,                0.44751,                0.47219,                 0.1962,                 2.2096,                 1.7665,                 1.7214,              0.0018516,              0.0018516,              0.0018516
                     78,                 1.1984,                0.74959,                  1.121,                 0.4935,                0.45304,                0.46149,                0.19385,                 2.1757,                 1.7536,                 1.6927,              0.0018496,              0.0018496,              0.0018496
                     79,                 1.2794,                0.76866,                  1.154,                0.43823,                0.52486,                0.47468,                0.19555,                 2.2273,                 1.8791,                 1.7309,              0.0018477,              0.0018477,              0.0018477
                     80,                 1.2286,                0.73963,                 1.1096,                0.47387,                0.45304,                0.45107,                0.18222,                 2.2505,                 2.1591,                 1.7694,              0.0018457,              0.0018457,              0.0018457
                     81,                 1.2367,                0.72698,                 1.1231,                0.51449,                0.43094,                0.41716,                0.18159,                  2.205,                 1.9689,                  1.675,              0.0018438,              0.0018438,              0.0018438
                     82,                 1.2489,                0.74906,                 1.1097,                0.41942,                0.41436,                0.40091,                0.18498,                 2.1788,                  1.893,                  1.702,              0.0018418,              0.0018418,              0.0018418
                     83,                 1.2119,                0.74813,                 1.1228,                 0.4909,                0.41436,                0.42933,                0.19691,                 2.1581,                 1.8176,                 1.7055,              0.0018399,              0.0018399,              0.0018399
                     84,                 1.2726,                0.75412,                 1.1443,                0.59807,                0.39227,                0.45222,                0.20711,                 2.1535,                 1.8272,                 1.6885,              0.0018379,              0.0018379,              0.0018379
                     85,                 1.2558,                0.86331,                 1.1473,                0.46233,                0.41989,                0.38856,                 0.1728,                 2.2114,                 1.9222,                 1.7588,               0.001836,               0.001836,               0.001836
                     86,                 1.2212,                0.78087,                 1.1265,                0.42005,                0.44199,                0.37995,                0.16268,                 2.3266,                 2.1583,                 1.8198,               0.001834,               0.001834,               0.001834
                     87,                 1.2481,                0.72882,                 1.0879,                 0.4882,                0.47514,                0.39603,                0.16882,                  2.342,                 2.0125,                 1.8101,               0.001832,               0.001832,               0.001832
                     88,                 1.2402,                0.75064,                 1.0953,                 0.5218,                0.56067,                0.45656,                0.17646,                 2.2559,                 1.9175,                 1.7117,              0.0018301,              0.0018301,              0.0018301
                     89,                 1.1703,                0.69263,                 1.1046,                0.53172,                0.50187,                0.45197,                0.18358,                  2.128,                 1.8513,                 1.6384,              0.0018281,              0.0018281,              0.0018281
                     90,                 1.2054,                0.72179,                 1.1145,                0.67959,                0.39779,                0.45025,                0.19187,                 2.1169,                 1.7828,                 1.6603,              0.0018262,              0.0018262,              0.0018262
                     91,                 1.2108,                0.70656,                  1.098,                 0.4711,                0.44751,                0.41061,                0.18673,                 2.0147,                 1.8219,                 1.6229,              0.0018242,              0.0018242,              0.0018242
                     92,                 1.2073,                0.76674,                 1.0998,                0.54109,                0.45304,                0.43121,                0.18583,                 2.0733,                 1.8621,                 1.6914,              0.0018223,              0.0018223,              0.0018223
                     93,                 1.1676,                0.72856,                 1.1099,                0.54792,                0.46961,                0.43097,                0.16964,                 2.2834,                 1.8613,                 1.8366,              0.0018203,              0.0018203,              0.0018203
                     94,                 1.2227,                0.77942,                 1.1222,                0.55864,                0.39779,                0.41786,                0.16799,                 2.2629,                 2.4775,                   1.71,              0.0018184,              0.0018184,              0.0018184
                     95,                 1.0577,                0.67347,                 1.0494,                0.62004,                0.38769,                0.40261,                0.16562,                 2.2057,                 2.3115,                 1.6943,              0.0018164,              0.0018164,              0.0018164
                     96,                 1.1532,                0.69354,                 1.1073,                0.67326,                0.44199,                0.49632,                0.21819,                 2.1503,                 1.8167,                 1.5729,              0.0018145,              0.0018145,              0.0018145
                     97,                 1.1476,                0.69059,                 1.0843,                0.70445,                0.47514,                0.51277,                0.21474,                 2.2054,                 1.7919,                   1.62,              0.0018125,              0.0018125,              0.0018125
                     98,                 1.1534,                0.68958,                 1.0733,                0.57539,                0.44922,                0.46573,                0.19275,                 2.2213,                 1.8356,                 1.6464,              0.0018106,              0.0018106,              0.0018106
                     99,                 1.1834,                0.71441,                 1.1196,                0.54351,                0.39779,                0.40392,                0.18438,                 2.1999,                  2.028,                 1.6601,              0.0018086,              0.0018086,              0.0018086
                    100,                 1.2393,                 0.7446,                 1.0879,                0.57169,                0.38348,                0.38729,                0.16725,                 2.3197,                 2.0224,                 1.7443,              0.0018067,              0.0018067,              0.0018067
                    101,                 1.2022,                0.70484,                 1.1062,                 0.6453,                0.49251,                 0.4759,                  0.194,                 2.2812,                 1.8172,                 1.6916,              0.0018047,              0.0018047,              0.0018047
                    102,                 1.1429,                0.69515,                 1.1259,                0.58196,                0.41436,                0.40085,                0.16632,                 2.2761,                 2.0645,                 1.7886,              0.0018028,              0.0018028,              0.0018028
                    103,                 1.1569,                 0.6952,                 1.0635,                0.63897,                0.37158,                0.38959,                0.17919,                  2.189,                 2.1769,                 1.7639,              0.0018008,              0.0018008,              0.0018008
                    104,                 1.2501,                0.73449,                 1.0942,                0.60558,                0.25448,                0.26175,                0.12289,                 2.2704,                 2.6406,                 1.9055,              0.0017988,              0.0017988,              0.0017988
                    105,                 1.2081,                0.74172,                 1.1157,                0.51756,                0.27072,                  0.279,                0.12677,                 2.3108,                 2.4674,                 1.9015,              0.0017969,              0.0017969,              0.0017969
                    106,                 1.2457,                0.74883,                 1.1033,                0.56354,                0.42541,                0.41907,                0.18521,                 2.2432,                 2.1864,                 1.8119,              0.0017949,              0.0017949,              0.0017949
                    107,                 1.1301,                0.71915,                 1.0674,                0.67608,                0.42541,                0.47886,                0.21326,                 2.1517,                 1.9157,                  1.752,               0.001793,               0.001793,               0.001793
                    108,                 1.2388,                0.72696,                 1.0768,                 0.6179,                0.38122,                0.40673,                 0.1658,                  2.262,                 1.8462,                 1.8929,               0.001791,               0.001791,               0.001791
                    109,                 1.1677,                0.68642,                 1.1037,                0.54475,                0.34254,                 0.3678,                0.14832,                 2.3537,                 2.0518,                 1.8838,              0.0017891,              0.0017891,              0.0017891
                    110,                 1.1685,                0.79032,                 1.0939,                0.57561,                0.35912,                0.36073,                0.14926,                 2.3092,                 2.2471,                 1.8272,              0.0017871,              0.0017871,              0.0017871
                    111,                 1.1532,                0.68552,                 1.0837,                0.59376,                0.41989,                0.43737,                0.18505,                 2.2317,                 2.0201,                 1.6849,              0.0017852,              0.0017852,              0.0017852
                    112,                 1.2135,                 0.7254,                 1.0878,                0.66188,                0.37017,                0.43068,                0.18728,                 2.1981,                  2.025,                 1.6579,              0.0017832,              0.0017832,              0.0017832
                    113,                  1.194,                0.75528,                 1.0949,                0.41863,                0.44159,                0.38436,                0.16307,                 2.3381,                 2.1549,                 1.8353,              0.0017813,              0.0017813,              0.0017813
                    114,                 1.0977,                0.68644,                 1.0475,                0.49184,                0.40642,                0.38422,                0.15782,                 2.3118,                 2.0133,                 1.8338,              0.0017793,              0.0017793,              0.0017793
                    115,                 1.1461,                0.67092,                 1.0787,                0.49505,                0.41436,                0.38223,                0.16067,                 2.2438,                 2.0454,                 1.8307,              0.0017774,              0.0017774,              0.0017774
                    116,                 1.1671,                0.72309,                 1.0831,                0.56195,                0.29769,                0.29286,                 0.1386,                 2.2772,                 2.4006,                 1.8158,              0.0017754,              0.0017754,              0.0017754
                    117,                 1.1504,                0.75555,                  1.099,                0.58521,                0.31492,                0.31295,                0.12412,                 2.3581,                 2.4011,                 1.8946,              0.0017735,              0.0017735,              0.0017735
                    118,                 1.2115,                0.74909,                 1.1031,                0.60915,                0.43053,                0.45073,                0.19834,                 2.2489,                 1.9173,                 1.7696,              0.0017715,              0.0017715,              0.0017715
                    119,                 1.2387,                0.76967,                 1.1036,                0.59523,                0.54696,                0.52768,                0.20395,                 2.1584,                 1.9614,                 1.7005,              0.0017696,              0.0017696,              0.0017696
                    120,                 1.1703,                0.72421,                 1.0621,                0.54712,                0.58011,                0.55575,                0.22384,                 2.1765,                 1.8127,                   1.67,              0.0017676,              0.0017676,              0.0017676
                    121,                 1.0942,                0.67011,                 1.0769,                0.62273,                0.50829,                  0.517,                0.21646,                 2.2137,                 1.7275,                 1.6287,              0.0017656,              0.0017656,              0.0017656
                    122,                 1.0527,                0.66067,                   1.03,                0.60046,                0.48066,                0.48484,                0.19484,                 2.2693,                 1.8356,                 1.6489,              0.0017637,              0.0017637,              0.0017637
                    123,                 1.0826,                0.64343,                 1.0113,                0.66903,                0.49139,                0.50982,                0.20219,                 2.2607,                 1.9558,                 1.6433,              0.0017617,              0.0017617,              0.0017617
                    124,                  1.107,                0.69531,                 1.0575,                 0.6512,                0.40331,                0.45725,                0.18659,                   2.29,                 1.9701,                 1.6697,              0.0017598,              0.0017598,              0.0017598
                    125,                 1.0813,                0.65763,                 1.0633,                0.54373,                 0.3687,                0.37546,                0.15902,                 2.3205,                 2.1743,                 1.7016,              0.0017578,              0.0017578,              0.0017578
                    126,                 1.0256,                0.64291,                 1.0431,                0.56437,                0.34807,                0.37323,                0.16919,                 2.2392,                 2.0499,                 1.7017,              0.0017559,              0.0017559,              0.0017559
                    127,                 1.1473,                 0.7108,                  1.051,                0.52074,                0.37017,                0.37977,                0.17464,                 2.1956,                 2.0501,                 1.6386,              0.0017539,              0.0017539,              0.0017539
                    128,                   1.13,                0.64518,                  1.032,                0.58099,                0.43646,                 0.4414,                0.18315,                 2.2333,                 1.8493,                 1.6263,               0.001752,               0.001752,               0.001752
                    129,                 1.1311,                0.66833,                 1.0589,                0.58349,                0.42541,                0.40951,                 0.1739,                 2.2484,                 2.0891,                 1.6793,                0.00175,                0.00175,                0.00175
                    130,                 1.1295,                0.66234,                 1.0328,                0.52697,                0.41989,                 0.3739,                0.15611,                  2.261,                 2.1915,                 1.7032,              0.0017481,              0.0017481,              0.0017481
                    131,                 1.1869,                0.72228,                 1.0753,                0.65788,                0.32597,                0.38276,                 0.1649,                  2.181,                 2.1488,                 1.5871,              0.0017461,              0.0017461,              0.0017461
                    132,                 1.0464,                0.69034,                 1.0248,                0.58479,                0.43094,                 0.4309,                0.17932,                 2.2046,                  2.094,                 1.6084,              0.0017442,              0.0017442,              0.0017442
                    133,                 1.0716,                0.62355,                  1.024,                0.64606,                0.58011,                0.57094,                0.23635,                 2.1645,                 1.7701,                 1.5792,              0.0017422,              0.0017422,              0.0017422
                    134,                 1.0244,                0.61888,                 1.0376,                0.64086,                0.56906,                0.55813,                0.23653,                 2.1626,                 1.7812,                 1.5857,              0.0017403,              0.0017403,              0.0017403
                    135,                 1.0765,                0.66502,                 1.0279,                0.53315,                0.55801,                0.50052,                0.20974,                 2.1686,                 1.8099,                 1.5918,              0.0017383,              0.0017383,              0.0017383
                    136,                 1.0226,                0.58667,                 1.0218,                0.54959,                0.47192,                0.48432,                 0.1953,                 2.1222,                 1.9902,                 1.5536,              0.0017364,              0.0017364,              0.0017364
                    137,                 1.0161,                0.63978,                 1.0346,                 0.4972,                 0.3442,                0.34637,                0.15173,                 2.2118,                 2.3644,                 1.6776,              0.0017344,              0.0017344,              0.0017344
                    138,                 1.0759,                0.65412,                 1.0569,                 0.6385,                0.31228,                0.36777,                0.14633,                 2.2363,                 2.3901,                 1.6788,              0.0017324,              0.0017324,              0.0017324
                    139,                0.98376,                 0.6165,                 1.0045,                0.63807,                0.37017,                0.44954,                0.19264,                 2.1759,                 2.1292,                 1.6627,              0.0017305,              0.0017305,              0.0017305
                    140,                0.96855,                0.58655,                 1.0139,                0.63722,                0.48619,                0.51997,                0.22457,                 2.0796,                 1.8621,                 1.6553,              0.0017285,              0.0017285,              0.0017285
                    141,                 1.0538,                0.62158,                 1.0066,                0.67322,                0.44751,                0.49664,                0.22239,                 2.1071,                 1.9271,                 1.6896,              0.0017266,              0.0017266,              0.0017266
                    142,                 1.0524,                 0.6382,                  1.033,                 0.6911,                0.38122,                0.46831,                0.20667,                 2.1787,                 1.9932,                 1.7196,              0.0017246,              0.0017246,              0.0017246
                    143,                 1.0605,                0.64355,                  1.015,                0.70063,                0.53014,                 0.5608,                0.22798,                 2.0744,                 1.7055,                 1.6589,              0.0017227,              0.0017227,              0.0017227
                    144,                 1.0652,                0.61561,                 1.0468,                0.66046,                0.54144,                0.57646,                0.23187,                 2.1142,                 1.6102,                 1.6774,              0.0017207,              0.0017207,              0.0017207
                    145,                 1.0263,                0.63624,                   1.05,                0.64585,                0.52486,                0.54709,                0.20843,                  2.158,                   1.74,                  1.638,              0.0017188,              0.0017188,              0.0017188
                    146,                 1.0351,                0.61312,                 1.0323,                 0.7308,                0.44199,                0.52749,                 0.2179,                 2.1517,                 1.7926,                 1.6209,              0.0017168,              0.0017168,              0.0017168
                    147,                 1.0292,                0.61697,                 1.0208,                0.58997,                0.46409,                0.47769,                0.22154,                 2.1176,                 1.8619,                 1.6208,              0.0017149,              0.0017149,              0.0017149
                    148,                0.95995,                0.59331,                 1.0152,                 0.5629,                0.46958,                0.47605,                  0.211,                 2.1388,                 2.0779,                 1.6274,              0.0017129,              0.0017129,              0.0017129
                    149,                 1.0165,                0.58928,                0.99676,                0.51605,                0.42541,                0.44434,                0.18471,                 2.2404,                 2.1336,                 1.7149,               0.001711,               0.001711,               0.001711
                    150,                 1.0472,                0.64167,                 1.0597,                0.51226,                0.36558,                0.39478,                0.17952,                 2.2499,                 2.0648,                 1.8014,               0.001709,               0.001709,               0.001709
                    151,                 1.0668,                0.62696,                 1.0572,                0.49452,                0.38674,                0.40569,                0.18251,                 2.2088,                 2.0052,                 1.7468,              0.0017071,              0.0017071,              0.0017071
                    152,                  1.021,                0.60465,                 1.0316,                0.48976,                0.46409,                0.42733,                 0.1862,                 2.2468,                 1.9061,                 1.7933,              0.0017051,              0.0017051,              0.0017051
                    153,                 1.0394,                  0.615,                  1.032,                 0.5724,                0.51772,                0.51374,                0.22051,                 2.1595,                   1.87,                 1.6884,              0.0017032,              0.0017032,              0.0017032
                    154,                 0.9528,                0.57259,                 1.0101,                0.67872,                0.51934,                0.52891,                0.23396,                 2.1218,                 1.7863,                 1.6573,              0.0017012,              0.0017012,              0.0017012
                    155,                0.97194,                0.56391,                 1.0048,                0.61623,                0.51934,                0.51839,                0.21966,                 2.1594,                 1.8371,                 1.6526,              0.0016992,              0.0016992,              0.0016992
                    156,                  1.014,                0.60502,                 1.0229,                0.55762,                0.48619,                 0.4784,                0.20751,                 2.1608,                 1.8651,                  1.671,              0.0016973,              0.0016973,              0.0016973
                    157,                 1.0354,                0.60537,                 1.0047,                0.52954,                0.41436,                0.42318,                0.19704,                 2.2298,                 2.0194,                 1.7553,              0.0016953,              0.0016953,              0.0016953
                    158,                 0.9676,                0.58391,                0.99794,                0.56804,                0.43646,                0.43043,                0.18373,                  2.276,                  2.054,                 1.8322,              0.0016934,              0.0016934,              0.0016934
                    159,                0.98373,                0.59776,                 1.0036,                0.53072,                0.41436,                0.42221,                0.18433,                 2.2402,                  2.078,                 1.8251,              0.0016914,              0.0016914,              0.0016914
                    160,                 1.0041,                0.59587,                 1.0066,                0.64386,                0.38122,                0.44395,                0.18379,                 2.2753,                 2.1356,                  1.854,              0.0016895,              0.0016895,              0.0016895
                    161,                 0.9782,                0.58051,                 1.0027,                0.67454,                0.34353,                0.42834,                0.19403,                 2.2726,                 2.1334,                 1.8643,              0.0016875,              0.0016875,              0.0016875
                    162,                 1.0059,                 0.6097,                 1.0234,                0.57616,                0.35359,                 0.4065,                0.18542,                 2.2457,                 2.1739,                 1.8323,              0.0016856,              0.0016856,              0.0016856
                    163,                 1.0217,                0.62318,                 1.0568,                0.53422,                0.35912,                0.39725,                0.19399,                 2.2438,                 2.1164,                 1.8328,              0.0016836,              0.0016836,              0.0016836
                    164,                  1.012,                0.57514,                 1.0137,                0.57643,                0.36091,                0.41592,                0.19698,                 2.2031,                 2.0307,                 1.7716,              0.0016817,              0.0016817,              0.0016817
                    165,                0.98411,                0.58926,                 1.0219,                0.69357,                0.37516,                0.44049,                0.20801,                 2.1726,                 1.9975,                 1.6988,              0.0016797,              0.0016797,              0.0016797
                    166,                 1.0209,                0.58224,                0.99197,                0.64544,                0.37017,                0.42116,                0.21124,                 2.1335,                 1.9619,                 1.6757,              0.0016778,              0.0016778,              0.0016778
                    167,                0.97827,                0.55767,                0.99885,                0.64214,                0.37569,                0.46756,                0.22976,                 2.0446,                 1.7955,                  1.608,              0.0016758,              0.0016758,              0.0016758
                    168,                0.97947,                0.60143,                0.99904,                0.51629,                0.48619,                0.49699,                 0.2499,                 2.0355,                 1.7857,                 1.5901,              0.0016739,              0.0016739,              0.0016739
                    169,                0.97289,                0.60507,                 1.0095,                0.53567,                0.40156,                0.45417,                0.22708,                 2.0308,                 1.9596,                 1.5964,              0.0016719,              0.0016719,              0.0016719
                    170,                0.92517,                 0.5672,                0.98636,                0.55319,                0.34254,                0.39728,                0.19827,                 2.0469,                 1.9699,                 1.6537,                0.00167,                0.00167,                0.00167
                    171,                0.93127,                0.57131,                 0.9819,                0.58899,                0.38122,                0.41843,                 0.1879,                 2.1831,                 1.9451,                 1.7912,               0.001668,               0.001668,               0.001668
                    172,                 0.9412,                  0.554,                0.97638,                0.47887,                0.43646,                 0.4244,                0.18625,                 2.2173,                  2.008,                 1.7993,               0.001666,               0.001666,               0.001666
                    173,                0.99107,                0.56839,                0.98565,                0.53134,                0.43646,                0.43543,                0.18625,                 2.2555,                 2.0662,                 1.7478,              0.0016641,              0.0016641,              0.0016641
                    174,                0.92307,                0.56032,                0.97356,                0.51367,                0.47514,                0.47276,                0.20501,                 2.2271,                 1.9768,                 1.7858,              0.0016621,              0.0016621,              0.0016621
                    175,                0.95562,                0.55451,                0.98221,                0.58458,                0.44751,                0.48961,                0.21951,                 2.1488,                  2.088,                 1.6832,              0.0016602,              0.0016602,              0.0016602
                    176,                0.95129,                0.57065,                0.99761,                 0.6608,                0.40884,                0.46468,                0.21033,                 2.1172,                 2.2979,                 1.5956,              0.0016582,              0.0016582,              0.0016582
                    177,                0.90599,                0.53635,                0.98053,                0.71961,                0.41989,                0.46789,                0.21192,                 2.1248,                 2.2341,                 1.6022,              0.0016563,              0.0016563,              0.0016563
                    178,                0.97086,                0.57373,                0.99295,                0.61629,                0.38674,                0.42462,                0.20309,                 2.1092,                 2.3862,                 1.5893,              0.0016543,              0.0016543,              0.0016543
                    179,                0.95179,                0.56658,                 1.0048,                0.55251,                0.32597,                0.36826,                0.17613,                 2.1949,                 2.6133,                 1.6475,              0.0016524,              0.0016524,              0.0016524
                    180,                0.98351,                0.58433,                 1.0219,                0.58569,                0.31492,                0.35053,                0.16816,                 2.1316,                 2.4761,                  1.629,              0.0016504,              0.0016504,              0.0016504
                    181,                 0.9249,                0.53589,                 1.0036,                0.56574,                0.40331,                0.41706,                0.18873,                 2.1422,                 2.1111,                 1.6298,              0.0016485,              0.0016485,              0.0016485
                    182,                0.94846,                0.58235,                0.99337,                0.72966,                0.40331,                0.42857,                0.19377,                 2.1813,                 2.1451,                 1.6527,              0.0016465,              0.0016465,              0.0016465
                    183,                0.91381,                0.56406,                0.99141,                0.68425,                0.39227,                0.44907,                 0.2002,                 2.1892,                 2.0926,                 1.6566,              0.0016446,              0.0016446,              0.0016446
                    184,                 0.9252,                 0.5328,                 0.9535,                0.52178,                0.50276,                0.48007,                0.20564,                 2.1776,                  1.965,                 1.6553,              0.0016426,              0.0016426,              0.0016426
                    185,                0.88939,                0.57078,                0.96637,                0.64569,                0.49724,                0.51742,                0.22782,                 2.1809,                 1.9138,                 1.6209,              0.0016407,              0.0016407,              0.0016407
                    186,                0.91475,                0.52987,                0.97578,                0.72788,                0.46961,                0.52517,                0.22777,                 2.1536,                 2.0166,                 1.6235,              0.0016387,              0.0016387,              0.0016387
                    187,                0.92048,                0.53295,                0.99255,                0.71035,                0.46409,                0.52454,                0.22824,                 2.2098,                 2.0591,                 1.6612,              0.0016368,              0.0016368,              0.0016368
                    188,                0.95008,                0.57712,                0.98092,                0.75054,                0.45304,                0.52275,                0.23183,                 2.2102,                 1.8348,                 1.6746,              0.0016348,              0.0016348,              0.0016348
                    189,                0.92005,                0.54162,                0.97338,                0.65703,                0.48066,                0.52468,                0.22577,                 2.1502,                 1.8706,                 1.6795,              0.0016328,              0.0016328,              0.0016328
                    190,                 0.9843,                0.54802,                 0.9852,                0.67883,                0.43646,                0.50362,                0.22017,                   2.23,                 1.9723,                  1.734,              0.0016309,              0.0016309,              0.0016309
                    191,                0.99673,                0.59461,                 0.9964,                0.67844,                0.45304,                0.52582,                0.22311,                 2.1857,                 1.9682,                 1.7113,              0.0016289,              0.0016289,              0.0016289
                    192,                0.96723,                0.59655,                 1.0203,                0.72293,                0.41989,                0.47457,                0.20975,                 2.1975,                 2.1145,                 1.7245,               0.001627,               0.001627,               0.001627
                    193,                 0.9281,                0.56044,                 1.0136,                0.68677,                0.41989,                0.46945,                0.20445,                 2.2132,                 2.0475,                 1.7603,               0.001625,               0.001625,               0.001625
                    194,                 0.9411,                0.56251,                0.97254,                0.67863,                0.40331,                0.44998,                0.20365,                 2.1522,                 2.0699,                 1.7453,              0.0016231,              0.0016231,              0.0016231
                    195,                0.99338,                0.59906,                 1.0192,                0.62858,                 0.3927,                0.43736,                0.20145,                 2.1782,                 2.1304,                 1.7528,              0.0016211,              0.0016211,              0.0016211
                    196,                0.92485,                0.56028,                0.99654,                0.62798,                0.39171,                0.46693,                0.20478,                  2.284,                 2.0992,                 1.8013,              0.0016192,              0.0016192,              0.0016192
                    197,                0.95081,                0.55577,                0.97156,                0.57069,                0.41436,                0.46462,                 0.2068,                 2.2308,                 2.1126,                 1.7535,              0.0016172,              0.0016172,              0.0016172
                    198,                 0.9446,                0.55018,                0.97262,                0.62515,                0.45149,                0.48563,                0.21972,                 2.1924,                 1.9438,                 1.7244,              0.0016153,              0.0016153,              0.0016153
                    199,                0.89445,                 0.5428,                0.96634,                0.57857,                0.39227,                0.41289,                0.19661,                 2.2017,                 2.0523,                 1.8051,              0.0016133,              0.0016133,              0.0016133
                    200,                0.89896,                0.53828,                0.94948,                0.65163,                0.43406,                0.47122,                0.21484,                 2.1556,                 1.9178,                 1.7533,              0.0016114,              0.0016114,              0.0016114
                    201,                0.91054,                0.53653,                0.98239,                 0.6471,                0.43094,                0.46445,                0.21618,                 2.1926,                 2.0074,                 1.7552,              0.0016094,              0.0016094,              0.0016094
                    202,                 1.0073,                0.54758,                0.97817,                0.69456,                0.40884,                0.44763,                0.19678,                 2.3085,                 2.1191,                 1.8281,              0.0016075,              0.0016075,              0.0016075
                    203,                0.90135,                0.52585,                0.99251,                0.69983,                0.40331,                0.42858,                0.18809,                 2.2593,                 1.9311,                  1.808,              0.0016055,              0.0016055,              0.0016055
                    204,                0.94098,                0.53347,                 1.0093,                0.62363,                0.43094,                0.42055,                0.18014,                 2.2502,                 1.9078,                 1.8389,              0.0016036,              0.0016036,              0.0016036
                    205,                 0.9252,                0.54615,                 1.0059,                0.63082,                0.40594,                0.43867,                0.19808,                 2.2537,                 1.8329,                 1.8213,              0.0016016,              0.0016016,              0.0016016
                    206,                  0.997,                0.58618,                0.98709,                0.69604,                0.43646,                0.46663,                0.20517,                 2.2468,                 1.7934,                 1.8198,              0.0015996,              0.0015996,              0.0015996
                    207,                0.94882,                0.52878,                0.97586,                0.69099,                0.49171,                0.48525,                0.20652,                 2.2866,                 1.8504,                 1.8353,              0.0015977,              0.0015977,              0.0015977
                    208,                0.92304,                0.55947,                0.98301,                0.67522,                0.46961,                0.48855,                0.21025,                 2.2384,                 1.9416,                 1.7648,              0.0015957,              0.0015957,              0.0015957
                    209,                  0.894,                 0.5241,                0.97421,                0.64671,                0.49171,                0.49456,                0.21448,                 2.2213,                 1.9222,                 1.7106,              0.0015938,              0.0015938,              0.0015938
                    210,                0.91081,                0.55731,                0.99168,                0.59686,                0.46961,                0.47022,                0.19705,                 2.2822,                 2.0255,                 1.7536,              0.0015918,              0.0015918,              0.0015918
                    211,                0.90795,                0.51364,                 0.9649,                0.57864,                  0.478,                0.47109,                 0.1979,                 2.2441,                 1.9225,                 1.7417,              0.0015899,              0.0015899,              0.0015899
                    212,                0.91439,                0.54421,                0.99338,                0.57177,                0.51934,                0.49427,                0.20551,                 2.2045,                 1.8932,                 1.7214,              0.0015879,              0.0015879,              0.0015879
                    213,                0.88271,                0.52949,                0.95503,                0.62217,                0.41436,                0.44576,                0.19241,                 2.1597,                 1.9782,                 1.7173,               0.001586,               0.001586,               0.001586
                    214,                0.85368,                0.50814,                0.96505,                0.56813,                0.39248,                0.42807,                0.19704,                 2.1376,                 2.0547,                 1.7254,               0.001584,               0.001584,               0.001584
                    215,                 0.9223,                0.52343,                0.94826,                0.59474,                0.48066,                0.49553,                0.21884,                 2.1487,                 1.9587,                 1.7173,              0.0015821,              0.0015821,              0.0015821
                    216,                0.92034,                0.53222,                0.95402,                 0.6611,                0.45304,                0.48205,                0.21643,                 2.1621,                 1.9726,                 1.7013,              0.0015801,              0.0015801,              0.0015801
                    217,                0.89693,                0.53105,                0.96612,                0.67206,                0.43646,                0.47142,                0.21168,                 2.1389,                 2.1378,                 1.6812,              0.0015782,              0.0015782,              0.0015782
                    218,                0.81373,                0.48692,                 0.9431,                0.63978,                0.38122,                0.42782,                0.19002,                 2.2292,                  2.263,                  1.769,              0.0015762,              0.0015762,              0.0015762
                    219,                0.87854,                0.52884,                0.96566,                0.69162,                0.40884,                0.45733,                0.19609,                 2.2312,                 2.1663,                 1.7652,              0.0015743,              0.0015743,              0.0015743
                    220,                0.85944,                 0.5176,                0.97429,                0.54373,                0.46409,                0.47419,                0.20035,                 2.3111,                 2.1234,                 1.8544,              0.0015723,              0.0015723,              0.0015723
                    221,                0.84406,                0.50331,                 0.9489,                0.67782,                0.44199,                0.50513,                0.22107,                 2.2553,                 1.8905,                 1.8209,              0.0015704,              0.0015704,              0.0015704
                    222,                0.81613,                0.47421,                 0.9278,                0.74689,                0.34807,                0.47067,                0.20815,                 2.2385,                 2.0226,                 1.8193,              0.0015684,              0.0015684,              0.0015684
                    223,                 0.9144,                0.53946,                0.95337,                0.55294,                0.38674,                0.43205,                0.19317,                 2.2494,                 2.1099,                 1.8617,              0.0015664,              0.0015664,              0.0015664
                    224,                 0.8357,                0.51769,                0.93218,                0.67006,                0.35359,                0.42935,                 0.1918,                 2.2491,                 2.2772,                 1.8345,              0.0015645,              0.0015645,              0.0015645
                    225,                0.80154,                0.51717,                0.95749,                0.74427,                0.36983,                0.46112,                0.21133,                 2.2212,                 2.3062,                  1.834,              0.0015625,              0.0015625,              0.0015625
                    226,                0.89773,                0.50721,                0.95331,                0.68885,                0.36696,                0.47637,                0.21634,                  2.179,                 2.3546,                 1.7717,              0.0015606,              0.0015606,              0.0015606
                    227,                0.91446,                0.51442,                0.95141,                0.69041,                0.42541,                0.50191,                  0.213,                 2.2161,                 2.2504,                 1.7841,              0.0015586,              0.0015586,              0.0015586
                    228,                0.85515,                0.49347,                0.93992,                 0.6326,                0.41436,                0.48636,                0.19874,                 2.2838,                 2.2242,                 1.8228,              0.0015567,              0.0015567,              0.0015567
                    229,                0.86671,                0.49231,                0.93873,                0.62087,                0.47514,                 0.4967,                0.19909,                 2.3161,                 2.1923,                 1.8332,              0.0015547,              0.0015547,              0.0015547
                    230,                0.86332,                0.51357,                0.94874,                0.60893,                0.50829,                 0.5164,                 0.2133,                 2.2934,                 2.0789,                 1.8314,              0.0015528,              0.0015528,              0.0015528
                    231,                0.81464,                 0.4946,                 0.9441,                0.66686,                0.51979,                0.58345,                0.23497,                 2.2939,                 1.9264,                 1.7995,              0.0015508,              0.0015508,              0.0015508
                    232,                0.86115,                 0.5009,                0.94648,                0.59161,                0.46421,                0.54548,                0.20886,                 2.3341,                 2.2264,                 1.8193,              0.0015489,              0.0015489,              0.0015489
                    233,                0.88325,                0.52244,                0.97595,                0.62591,                0.46961,                0.51375,                0.20458,                  2.371,                 2.3301,                 1.8046,              0.0015469,              0.0015469,              0.0015469
                    234,                0.87799,                0.51696,                0.95073,                0.58981,                 0.5005,                0.52129,                0.21099,                 2.3334,                 2.2813,                  1.766,               0.001545,               0.001545,               0.001545
                    235,                0.78608,                0.47533,                 0.9342,                0.57294,                0.45856,                0.44779,                0.18239,                 2.3037,                 2.2265,                 1.7638,               0.001543,               0.001543,               0.001543
                    236,                0.88438,                0.52413,                0.98501,                0.66469,                0.45304,                0.47001,                0.19542,                 2.2944,                 2.1272,                 1.7464,              0.0015411,              0.0015411,              0.0015411
                    237,                0.89641,                 0.5228,                0.94961,                0.69467,                0.43996,                0.49212,                0.20493,                 2.2257,                 2.1149,                 1.7025,              0.0015391,              0.0015391,              0.0015391
                    238,                0.85023,                0.52343,                0.93939,                0.74025,                0.40884,                0.46957,                0.20804,                 2.1958,                  2.136,                 1.6732,              0.0015372,              0.0015372,              0.0015372
                    239,                 0.8566,                 0.5365,                 0.9608,                0.83313,                0.40884,                0.48537,                0.20614,                 2.1927,                 2.1571,                 1.6488,              0.0015352,              0.0015352,              0.0015352
                    240,                0.85609,                0.50336,                0.93897,                0.66345,                0.41989,                 0.4442,                0.19665,                 2.1693,                 2.1928,                 1.6338,              0.0015332,              0.0015332,              0.0015332
                    241,                0.86299,                0.52352,                0.95488,                0.65685,                0.40189,                0.42427,                0.19107,                 2.2016,                 2.3303,                 1.6501,              0.0015313,              0.0015313,              0.0015313
                    242,                 0.8565,                0.49368,                 0.9242,                0.66897,                0.35729,                0.41824,                 0.1953,                 2.1799,                 2.3209,                 1.6469,              0.0015293,              0.0015293,              0.0015293
                    243,                0.77669,                0.49536,                0.94161,                0.68378,                0.33149,                0.39473,                0.18296,                  2.212,                 2.3613,                 1.7082,              0.0015274,              0.0015274,              0.0015274
                    244,                0.85679,                0.52534,                0.95696,                0.58036,                0.35912,                0.39342,                0.17895,                 2.2636,                 2.4138,                 1.7907,              0.0015254,              0.0015254,              0.0015254
                    245,                0.77975,                0.46717,                 0.9251,                0.60761,                0.36464,                0.39928,                0.17745,                 2.2914,                 2.4299,                 1.8434,              0.0015235,              0.0015235,              0.0015235
                    246,                0.84742,                0.51199,                0.95124,                0.59283,                0.38122,                0.41633,                0.18412,                 2.2663,                 2.4132,                 1.8322,              0.0015215,              0.0015215,              0.0015215
                    247,                0.80322,                0.51185,                0.97264,                0.69289,                0.33656,                0.45138,                 0.2009,                 2.2381,                 2.5636,                 1.7758,              0.0015196,              0.0015196,              0.0015196
                    248,                 0.8525,                0.50488,                0.97016,                0.71736,                0.32253,                0.45308,                0.20174,                 2.2077,                 2.7577,                 1.7222,              0.0015176,              0.0015176,              0.0015176
                    249,                0.85911,                0.49974,                0.94719,                0.63432,                0.36464,                0.43434,                0.20465,                 2.1838,                 2.5284,                 1.7394,              0.0015157,              0.0015157,              0.0015157
                    250,                0.78699,                0.50251,                0.93209,                0.63959,                0.38674,                0.41454,                0.20561,                 2.2024,                 2.2982,                 1.7387,              0.0015137,              0.0015137,              0.0015137
                    251,                0.84886,                0.52787,                0.95268,                0.61895,                0.39227,                0.38689,                0.18564,                 2.1974,                 2.3162,                 1.7367,              0.0015118,              0.0015118,              0.0015118
                    252,                 0.8675,                0.49781,                0.92079,                 0.6259,                0.38674,                0.38462,                0.18363,                 2.1932,                 2.3228,                 1.7473,              0.0015098,              0.0015098,              0.0015098
                    253,                0.82292,                0.49113,                0.94255,                0.69989,                0.37017,                0.41394,                0.19613,                    2.2,                 2.2698,                 1.7493,              0.0015079,              0.0015079,              0.0015079
                    254,                0.82852,                0.48102,                0.96034,                 0.6111,                0.45144,                0.48736,                0.21436,                 2.2266,                 2.1022,                 1.7622,              0.0015059,              0.0015059,              0.0015059
                    255,                0.77534,                0.47857,                0.91082,                0.54491,                0.50276,                0.49337,                0.21353,                 2.2619,                 2.0962,                 1.7932,               0.001504,               0.001504,               0.001504
                    256,                0.77691,                0.48541,                 0.9402,                0.61452,                0.47514,                0.48161,                 0.2119,                 2.3066,                 2.0713,                  1.862,               0.001502,               0.001502,               0.001502
                    257,                0.78848,                0.51633,                0.97421,                 0.5605,                0.46961,                0.46278,                0.21353,                 2.2574,                 1.9228,                 1.8261,                 0.0015,                 0.0015,                 0.0015
                    258,                0.74599,                 0.4793,                0.91946,                0.57314,                0.43094,                 0.4429,                0.20518,                 2.1914,                 2.0369,                 1.7649,              0.0014981,              0.0014981,              0.0014981
                    259,                0.83654,                0.49834,                 0.9627,                0.65218,                0.40403,                0.47211,                 0.2142,                 2.1839,                 2.0936,                 1.7341,              0.0014961,              0.0014961,              0.0014961
                    260,                0.79577,                0.50556,                0.94474,                0.73514,                0.42541,                0.50626,                 0.2191,                 2.2001,                 2.2441,                 1.7124,              0.0014942,              0.0014942,              0.0014942
                    261,                0.80095,                0.50257,                0.93248,                0.70065,                0.46961,                0.50556,                0.22049,                 2.2558,                 2.0907,                  1.801,              0.0014922,              0.0014922,              0.0014922
                    262,                0.80039,                0.48894,                0.94731,                0.69835,                0.47514,                 0.5404,                0.22709,                 2.3166,                  1.956,                 1.8396,              0.0014903,              0.0014903,              0.0014903
                    263,                 0.8257,                0.47733,                0.94141,                0.78865,                0.46409,                0.54864,                0.22044,                  2.362,                 2.0111,                 1.8336,              0.0014883,              0.0014883,              0.0014883
                    264,                0.87831,                0.51626,                0.99364,                0.74933,                0.46244,                0.51965,                0.20655,                 2.3991,                 2.2211,                   1.84,              0.0014864,              0.0014864,              0.0014864
                    265,                0.81772,                0.48178,                0.95976,                0.67938,                0.44751,                0.48125,                0.18982,                 2.3883,                 2.3538,                 1.8874,              0.0014844,              0.0014844,              0.0014844
                    266,                0.87009,                0.50586,                 0.9486,                0.64059,                0.45304,                0.44467,                 0.1909,                 2.3005,                 2.3344,                 1.8374,              0.0014825,              0.0014825,              0.0014825
                    267,                0.83452,                0.49754,                0.94449,                0.63119,                0.38767,                0.40626,                0.17095,                 2.2744,                 2.4299,                 1.8108,              0.0014805,              0.0014805,              0.0014805
                    268,                0.84693,                 0.4752,                0.93083,                0.58516,                0.35849,                0.38432,                0.14928,                  2.334,                 2.5619,                 1.8546,              0.0014786,              0.0014786,              0.0014786
